"state_name","race_grp","Race Categories Include Hispanic Individuals","value","value_adj","pop_share_agg","pop_weighted","pop_share_agg_adj","effective_demand"
"Alabama","American Indian or Alaska Native","",,,0.00415135410509731,4570.424,,
"Alabama","Asian","",0.02,0.0202020202020202,0.011772585307892,15802.689,0.0122865646732662,1.64423667145764
"Alabama","Black","",0.21,0.212121212121212,0.235456134409805,292936.086,0.245735915050365,0.863208017752457
"Alabama","Hispanic","",,,0.0244680494587979,42818.634,,
"Alabama","Native Hawaiian or Other Pacific Islander","",,,0.000385599427778715,428.476,,
"Alabama","White","",0.76,0.767676767676768,0.710938646096725,737468.257,0.741977520276368,1.0346361536544
"Alaska","American Indian or Alaska Native","Yes",0.22,0.338461538461538,0.130978999886907,10538.407024234,0.13837016389793,2.44605866558927
"Alaska","Asian","Yes",0.05,0.0769230769230769,0.0665053665118976,5206.140494779,0.0702582740155968,1.09486146650857
"Alaska","Black","Yes",0.01,0.0143035343035343,0.0247416824545366,2020.220660981,0.0261378591934643,0.547234346840113
"Alaska","Hispanic","Yes",0.04,0.04,0.0555727642000596,4823.479339005,0.0587087433654462,0.68132952107339
"Alaska","Native Hawaiian or Other Pacific Islander","Yes",0.01,0.0153846153846154,0.010589499438943,865.349999931,0.011187066432243,1.3752144476656
"Alaska","White","Yes",0.36,0.514927234927235,0.658195807936432,51581.532215415,0.69533789309532,0.740542461500291
"Arizona","American Indian or Alaska Native","",0.03,0.0365853658536585,0.0311534450630011,44664.873675892,0.0316476135303259,1.1560228962794
"Arizona","Asian","",0.04,0.0487804878048781,0.0302363726878337,43631.231580576,0.0307159941845378,1.58811359032727
"Arizona","Black","",0.02,0.024390243902439,0.0357242480312759,51498.165008251,0.0362909204124602,0.672075649369995
"Arizona","Hispanic","",0.15,0.182926829268293,0.225401527460408,339147.612561554,0.228976937086295,0.798887571805334
"Arizona","Native Hawaiian or Other Pacific Islander","",,,0.00134034280146975,2027.634530656,,
"Arizona","White","",0.58,0.707317073170732,0.661869691706337,873034.767315493,0.672368534786381,1.05197824790456
"Arkansas","American Indian or Alaska Native","Yes",,,0.00564485117353913,2263.97397397397,,
"Arkansas","Asian","Yes",0.01,0.0104166666666667,0.0128678386026353,5410.06006006006,0.0131564480019237,0.791753721456093
"Arkansas","Black","Yes",0.11,0.103004385964912,0.133709826923364,53140.5515515516,0.136708769793179,0.753458509799652
"Arkansas","Hispanic","Yes",0.1,0.1,0.0485400768934263,19876.2762762763,0.0496287696308962,2.01496028903657
"Arkansas","Native Hawaiian or Other Pacific Islander","Yes",,,0.00171348548870307,666.455455455455,,
"Arkansas","White","Yes",0.84,0.786578947368421,0.78294553125093,292038.606606607,0.800506012574001,0.982602172892121
"California","American Indian or Alaska Native","",,,0.00393262822135435,38379.977,,
"California","Asian","",0.14,0.189189189189189,0.157851358890158,1624246.749,0.162849771193231,1.1617405895198
"California","Black","",0.03,0.0405405405405405,0.0539921649653093,563809.479,0.055701843637255,0.727813262421819
"California","Hispanic","",0.22,0.297297297297297,0.319076143912075,3773118.039,0.329179789104367,0.903145658201509
"California","Native Hawaiian or Other Pacific Islander","",,,0.00337256933015437,37297.001,,
"California","White","",0.35,0.472972972972973,0.438386937538387,4025148.515,0.452268596065148,1.04577893996611
"Colorado","American Indian or Alaska Native","",0.01,0.0101010101010101,0.00543815450743497,3027.05780173705,0.00553739599268584,1.82414443799074
"Colorado","Asian","",0.03,0.0303030303030303,0.0299640126649256,19307.8781072177,0.0305108292581058,0.993189337683431
"Colorado","Black","",0.03,0.0303030303030303,0.0339215255895089,21569.540481182,0.0345405632753407,0.877317201270552
"Colorado","Hispanic","",0.09,0.0909090909090909,0.160566087844693,105413.800838574,0.163496276204888,0.556031568542678
"Colorado","Native Hawaiian or Other Pacific Islander","",,,0.00101352422008878,730.037336527903,,
"Colorado","White","",0.83,0.838383838383838,0.752188169862944,446843.445742238,0.765914935268979,1.09461743044534
"Connecticut","American Indian or Alaska Native","",,,0.00173596129174793,694.381,,
"Connecticut","Asian","",0.03,0.032967032967033,0.0363778556260783,15111.675,0.0369100734640813,0.893171697398936
"Connecticut","Black","",0.06,0.0659340659340659,0.0828031825344436,34091.466,0.0840146154248601,0.784792807782775
"Connecticut","Hispanic","",0.07,0.0769230769230769,0.106559027407208,44586.637,0.108118014714467,0.711473264896937
"Connecticut","Native Hawaiian or Other Pacific Islander","",,,0.000139335174386008,59.959,,
"Connecticut","White","",0.75,0.824175824175824,0.759840623169697,296645.297,0.770957296396591,1.0690291511968
"Delaware","American Indian or Alaska Native","Yes",,,0.00355856439447063,661.646464646465,,
"Delaware","Asian","Yes",0.03,0.0340909090909091,0.0336189964130755,6218.51515151515,0.0341261718853457,0.998966693523227
"Delaware","Black","Yes",0.11,0.119823529411765,0.180893326674482,33694.202020202,0.183622279593224,0.652554415930398
"Delaware","Hispanic","Yes",0.04,0.04,0.0543649475511546,10070.1212121212,0.0551850960056301,0.724833386099738
"Delaware","Native Hawaiian or Other Pacific Islander","Yes",,,0.0000978149822952322,19.2929292929293,,
"Delaware","White","Yes",0.74,0.806085561497326,0.71626095482724,133427.060606061,0.7270664525158,1.10868210011355
"District of Columbia","American Indian or Alaska Native","Yes",,,0.0024390573335099,541.690332824,,
"District of Columbia","Asian","Yes",,,0.0382284047517403,7650.403182244,,
"District of Columbia","Black","Yes",0.36,0.43012987012987,0.469560303787798,73371.24734087,0.500304641472726,0.859735917827415
"District of Columbia","Hispanic","Yes",0.08,0.08,0.0878551023046461,17357.84054235,0.0936073920761822,0.854633359883503
"District of Columbia","Native Hawaiian or Other Pacific Islander","Yes",,,0.000103550249073825,31.948047696,,
"District of Columbia","White","Yes",0.41,0.48987012987013,0.381133359726663,72230.552943266,0.406087966451092,1.206315306881
"Florida","American Indian or Alaska Native","Yes",,,0.00192330400974116,4743.385952684,,
"Florida","Asian","Yes",,,0.0244339186488851,57789.72471429,,
"Florida","Black","Yes",0.07,0.0651724137931034,0.112273289979059,267622.650582478,0.116727774877555,0.558328245882077
"Florida","Hispanic","Yes",0.19,0.19,0.201739013153074,472850.409940214,0.20974308418097,0.905870154155188
"Florida","Native Hawaiian or Other Pacific Islander","Yes",,,0.000421000814499688,1039.335195046,,
"Florida","White","Yes",0.8,0.744827586206896,0.647826386047292,1420684.11766465,0.673529140941474,1.10585799623422
"Georgia","American Indian or Alaska Native","Yes",,,0.00204526886589819,2802.85385385385,,
"Georgia","Asian","Yes",0.05,0.0537634408602151,0.0377849850214278,52145.1401401401,0.0383693604961857,1.40120763455413
"Georgia","Black","Yes",0.23,0.23947091886608,0.284809675991411,389092.179179179,0.289214488896027,0.82800457121002
"Georgia","Hispanic","Yes",0.03,0.03,0.0639694177876716,91984.3123123123,0.0649587567769144,0.461831498762021
"Georgia","Native Hawaiian or Other Pacific Islander","Yes",,,0.000428402529297276,540.820820820821,,
"Georgia","White","Yes",0.65,0.676765640273705,0.598205657593299,750708.085085085,0.607457393830873,1.11409565040561
"Hawaii","American Indian or Alaska Native","",,,0.00164741073100404,345.298298298298,,
"Hawaii","Asian","",0.57,0.575757575757576,0.452166008609771,80568.005005005,0.571678473353777,1.00713530873372
"Hawaii","Black","",0.01,0.0101010101010101,0.0138092376576144,2709.79379379379,0.0174591715254244,0.578550367427275
"Hawaii","Hispanic","",,,0.0667813902647189,12767.984984985,,
"Hawaii","Native Hawaiian or Other Pacific Islander","",0.12,0.121212121212121,0.0837951295330607,15598.5485485485,0.105943106765649,1.14412466193056
"Hawaii","White","",0.29,0.292929292929293,0.24117423674919,43818.3303303303,0.30491924835515,0.960678259930997
"Idaho","American Indian or Alaska Native","Yes",0.01,0.0117647058823529,0.00891769055849507,1625.492506891,0.00911052472620142,1.29133131580426
"Idaho","Asian","Yes",0.01,0.0117647058823529,0.0116922077948467,2263.820605353,0.0119450375094437,0.984903218014328
"Idaho","Black","Yes",,,0.00284478574453871,603.886195593,,
"Idaho","Hispanic","Yes",0.06,0.06,0.0802338276658204,15930.252163599,0.0819687862045077,0.73198595194887
"Idaho","Native Hawaiian or Other Pacific Islander","Yes",,,0.000410631718737337,90.889320066,,
"Idaho","White","Yes",0.83,0.916470588235294,0.877990186021957,154174.976407387,0.896975651559847,1.02173407565918
"Illinois","American Indian or Alaska Native","",,,0.000775497694142815,4666.645,,
"Illinois","Asian","",0.06,0.0612244897959184,0.0552627171760362,324800.395,0.0560757348933531,1.0918178765264
"Illinois","Black","",0.09,0.0918367346938776,0.128667345226262,737688.509,0.130560282031665,0.703404843071681
"Illinois","Hispanic","",0.11,0.112244897959184,0.136566090840377,905726.037,0.138575232936743,0.809992489858711
"Illinois","Native Hawaiian or Other Pacific Islander","",,,0.000190161789620087,1392.863,,
"Illinois","White","",0.72,0.73469387755102,0.665005281221569,3450105.732,0.674788750138239,1.08877612052736
"Indiana","American Indian or Alaska Native","Yes",,,0.00200849256865172,777.85985985986,,
"Indiana","Asian","Yes",0.02,0.0206185567010309,0.017267057563368,6416.06206206206,0.0174659791152899,1.18049818821673
"Indiana","Black","Yes",0.06,0.0599609332609875,0.0757189237247882,27531.1881881882,0.0765912278658914,0.782869460794872
"Indiana","Hispanic","Yes",0.03,0.03,0.0398306200075264,15382.2562562563,0.0402894803962656,0.744611241071768
"Indiana","Native Hawaiian or Other Pacific Islander","Yes",,,0.000368740670894362,130.157157157157,,
"Indiana","White","Yes",0.89,0.889420510037982,0.855794311919725,297328.48048048,0.865653312622553,1.02745579213857
"Iowa","American Indian or Alaska Native","Yes",,,0.00293893616312329,1121.5067,,
"Iowa","Asian","Yes",0.01,0.0103092783505155,0.0210268019196835,7957.2142,0.0212964491642856,0.484084378150901
"Iowa","Black","Yes",0.01,0.0101009450171821,0.0288586211732232,10705.407,0.0292287034953994,0.34558306764349
"Iowa","Hispanic","Yes",0.02,0.02,0.0407226784836362,15787.6676,0.0412449052153985,0.484908375847913
"Iowa","Native Hawaiian or Other Pacific Islander","Yes",,,0.000283646269003575,107.822,,
"Iowa","White","Yes",0.95,0.959589776632302,0.896730292607296,315025.3774,0.908229942124916,1.05654937381521
"Kansas","American Indian or Alaska Native","Yes",,,0.00698942651563021,2010.65909395734,,
"Kansas","Asian","Yes",0.02,0.0240963855421687,0.0237878846260695,7568.81470689518,0.0244138360291951,0.98699710743339
"Kansas","Black","Yes",0.03,0.03318161535029,0.0496460566032257,14627.0906649909,0.0509524366903558,0.651227252426391
"Kansas","Hispanic","Yes",0.08,0.08,0.078154753575936,24582.2558276927,0.0802113079283219,0.997365609241646
"Kansas","Native Hawaiian or Other Pacific Islander","Yes",,,0.000253796620661279,89.2337497367662,,
"Kansas","White","Yes",0.78,0.862721999107541,0.822772097887195,228194.17124275,0.844422419352127,1.02167112020718
"Kentucky","American Indian or Alaska Native","",,,0.00133786122725916,706.965980933966,,
"Kentucky","Asian","",0.01,0.0108695652173913,0.0127162864024587,6775.80573821781,0.0131830230307006,0.824512343798402
"Kentucky","Black","",0.05,0.0543478260869565,0.0722147684622965,38488.6069917346,0.0748653282621174,0.725941197995883
"Kentucky","Hispanic","",,,0.0230559954969057,12260.3893492914,,
"Kentucky","Native Hawaiian or Other Pacific Islander","",,,0.000530245124998105,279.915399938915,,
"Kentucky","White","",0.86,0.934782608695652,0.879664574896718,464623.033520853,0.911951648707182,1.02503527464514
"Louisiana","American Indian or Alaska Native","",,,0.00414498557501472,2304.76665333067,,
"Louisiana","Asian","",0.02,0.0217391304347826,0.0148682484369419,8280.81546309262,0.0157218808646341,1.38273089727351
"Louisiana","Black","",0.27,0.293478260869565,0.282686658510071,155214.110722144,0.298916579580032,0.981806567176341
"Louisiana","Hispanic","",,,0.0382506715538155,21336.5183036607,,
"Louisiana","Native Hawaiian or Other Pacific Islander","",,,0.000122081162489803,65.000400080016,,
"Louisiana","White","",0.63,0.684782608695652,0.648149272149497,348177.00240048,0.685361539555334,0.999155291293326
"Maine","American Indian or Alaska Native","",0.01,0.0099009900990099,0.00672411290440315,1057.19222659681,0.00678728370592893,1.45875589234041
"Maine","Asian","",0.01,0.0099009900990099,0.00845378076276681,1403.96981360703,0.00853320121782155,1.1602902411737
"Maine","Black","",0.01,0.0099009900990099,0.00683481757623806,1156.9046666051,0.00689902841128972,1.43512818164478
"Maine","Hispanic","",0.01,0.0099009900990099,0.00990409917715231,1495.27464546173,0.0099971448907366,0.990381774718921
"Maine","Native Hawaiian or Other Pacific Islander","",,,0.000292375615063178,37.7733984402266,,
"Maine","White","",0.97,0.96039603960396,0.958775960905531,148013.326659974,0.967783341774223,0.992366781022786
"Maryland","American Indian or Alaska Native","Yes",0.01,0.0105263157894737,0.00262123212905328,1644.85694331514,0.0026745214411315,3.93577543540663
"Maryland","Asian","Yes",0.07,0.0736842105263158,0.0635546665397532,42300.8333393092,0.0648467247370129,1.13628268544238
"Maryland","Black","Yes",0.23,0.228886872353297,0.278977768218013,186072.48767924,0.28464935036775,0.804101158346538
"Maryland","Hispanic","Yes",0.05,0.05,0.074976397906293,53185.6288644804,0.0765006584333346,0.653589145818553
"Maryland","Native Hawaiian or Other Pacific Islander","Yes",,,0.0002602031753966,197.484961654515,,
"Maryland","White","Yes",0.64,0.636902601330913,0.559945132489406,349046.156442814,0.571328745020771,1.11477429917824
"Massachusetts","American Indian or Alaska Native","",,,0.00216652868067793,2037.55882352941,,
"Massachusetts","Asian","",0.05,0.0505050505050505,0.057877491338935,70108.431372549,0.0591498715741047,0.85384886156137
"Massachusetts","Black","",0.06,0.0606060606060606,0.0592609168905111,68184.1274509804,0.0605637103880378,1.00069926723035
"Massachusetts","Hispanic","",0.06,0.0606060606060606,0.0859335369255693,105821.421568627,0.0878227019773512,0.69009560445647
"Massachusetts","Native Hawaiian or Other Pacific Islander","",,,0.0003842846863186,382.254901960784,,
"Massachusetts","White","",0.82,0.828282828282828,0.775416930622582,795489.970588235,0.792463716060506,1.04519968737545
"Michigan","American Indian or Alaska Native","",0.01,0.0103092783505155,0.00456548593603428,6421.60073045,0.00463594589531228,2.22377020425106
"Michigan","Asian","",0.05,0.0515463917525773,0.0269297097234749,35999.026929186,0.0273453207399295,1.88501690080049
"Michigan","Black","",0.08,0.0824742268041237,0.115291065876611,153689.327596492,0.11707037347291,0.704484186370247
"Michigan","Hispanic","",0.02,0.0206185567010309,0.0331203092423266,45111.976113258,0.0336314608860256,0.613073478160987
"Michigan","Native Hawaiian or Other Pacific Islander","",,,0.000145450802060065,270.241176365,,
"Michigan","White","",0.81,0.835051546391753,0.804894813692144,1047929.90780623,0.817316899005823,1.02169861825628
"Minnesota","American Indian or Alaska Native","",0.01,0.01,0.0071594804275774,10475.6477845586,0.00727310309212858,1.37492895031594
"Minnesota","Asian","",0.03,0.03,0.039072737166624,64835.5128515635,0.0396928308386563,0.755803991958754
"Minnesota","Black","",0.04,0.04,0.0434736530495275,72128.4894766515,0.0441635903078562,0.905723464083591
"Minnesota","Hispanic","",0.02,0.02,0.0334914073829295,59603.6884578437,0.0340229240180976,0.587838952036032
"Minnesota","Native Hawaiian or Other Pacific Islander","",,,0.000308763747851498,648.72977348573,,
"Minnesota","White","",0.9,0.9,0.861180412882996,1135209.56271981,0.874847551743261,1.02875066428044
"Mississippi","American Indian or Alaska Native","Yes",,,0.00327366450801505,1275.87454422987,,
"Mississippi","Asian","Yes",0.02,0.0212765957446809,0.00852385248247245,3698.31238743831,0.00861908222170613,2.46854539699114
"Mississippi","Black","Yes",0.32,0.333469010175763,0.331284272250159,135079.368300557,0.334985429083114,0.99547317950067
"Mississippi","Hispanic","Yes",0.02,0.02,0.0184547790954282,7719.00688815801,0.0186609586139601,1.07175630222116
"Mississippi","Native Hawaiian or Other Pacific Islander","Yes",,,0.000050126853248776,20.2238470032238,,
"Mississippi","White","Yes",0.6,0.625254394079556,0.630688386253168,239721.441568967,0.63773453008122,0.980430515499804
"Missouri","American Indian or Alaska Native","Yes",,,0.00350961518462271,2335.51040980151,,
"Missouri","Asian","Yes",0.02,0.021505376344086,0.0178642542050031,12294.6695391347,0.0181726246435635,1.18339407575355
"Missouri","Black","Yes",0.07,0.072191894127378,0.0971863984219756,63694.5201835605,0.0988640174235621,0.730214045602527
"Missouri","Hispanic","Yes",0.04,0.04,0.0277504757531367,19014.8435327608,0.0282295008655232,1.4169573946967
"Missouri","Native Hawaiian or Other Pacific Islander","Yes",,,0.000837952727425831,536.41975015042,,
"Missouri","White","Yes",0.84,0.866302729528536,0.840229917238847,519706.426210088,0.854733857067351,1.01353505815351
"Montana","American Indian or Alaska Native","",,,0.0443190585165387,6575.75575575576,,
"Montana","Asian","",,,0.00669973425456062,878.63963963964,,
"Montana","Black","",,,0.00314607380232448,448.377377377377,,
"Montana","Hispanic","",,,0.0276034558019982,3819.06606606607,,
"Montana","Native Hawaiian or Other Pacific Islander","",,,0.000671850348333018,85.945945945946,,
"Montana","White","",,,0.898667406362166,125978.236236236,,
"Nebraska","American Indian or Alaska Native","Yes",,,0.00606276145243098,1417.035953961,,
"Nebraska","Asian","Yes",0.03,0.0319148936170213,0.0206815765127222,5033.18012818,0.0210283589374691,1.51770728814002
"Nebraska","Black","Yes",0.03,0.029607201309329,0.0369878543380212,8646.300962142,0.0376080555013917,0.787256903198129
"Nebraska","Hispanic","Yes",0.07,0.07,0.069174658244704,17374.192728732,0.0703345580087467,0.995243333885668
"Nebraska","Native Hawaiian or Other Pacific Islander","Yes",,,0.000137668529008758,41.325225964,,
"Nebraska","White","Yes",0.88,0.86847790507365,0.856664732216852,172173.793284369,0.871029027552393,0.997071139539504
"Nevada","American Indian or Alaska Native","",0.01,0.0117647058823529,0.00859598918008825,3183.20920920921,0.00885933102585718,1.3279451741916
"Nevada","Asian","",0.11,0.129411764705882,0.0920255243228956,33770.7367367367,0.0948447660559101,1.36445868430521
"Nevada","Black","",0.05,0.0588235294117647,0.081241387343066,30333.4024024024,0.083730252376227,0.702536153210809
"Nevada","Hispanic","",0.16,0.188235294117647,0.214786292560951,81330.7977977978,0.221366363515424,0.850333768547141
"Nevada","Native Hawaiian or Other Pacific Islander","",,,0.00504175368622774,1878.22622622623,,
"Nevada","White","",0.52,0.611764705882353,0.573626006266616,207509.411411411,0.591199287026581,1.03478593311437
"New Hampshire","American Indian or Alaska Native","",,,0.000938353604940477,181.855855855856,,
"New Hampshire","Asian","",,,0.0223438950233821,4249.53853853854,,
"New Hampshire","Black","",,,0.0098906867142645,1756.4034034034,,
"New Hampshire","Hispanic","",,,0.0253655765284507,4924.26026026026,,
"New Hampshire","Native Hawaiian or Other Pacific Islander","",,,0.000602156634117348,102.097097097097,,
"New Hampshire","White","",,,0.929857312381575,174539.552552553,,
"New Jersey","American Indian or Alaska Native","",,,0.000947755599895436,1441.62626262626,,
"New Jersey","Asian","",0.09,0.102272727272727,0.0907814468129803,149722.838383838,0.0921692084738803,1.10961924232766
"New Jersey","Black","",0.06,0.0681818181818182,0.1159617638446,183014.565656566,0.117734453040944,0.579115258284732
"New Jersey","Hispanic","",0.08,0.0909090909090909,0.164460582198942,276749.323232323,0.166974665183047,0.544448409640056
"New Jersey","Native Hawaiian or Other Pacific Islander","",,,0.000314275223438246,496,,
"New Jersey","White","",0.65,0.738636363636364,0.613739533837085,883173.050505051,0.623121673302128,1.18538063316284
"New Mexico","American Indian or Alaska Native","",0.1,0.103092783505155,0.0757746310296135,63235.62150028,0.0768503516846575,1.34147445320977
"New Mexico","Asian","",0.02,0.0206185567010309,0.0159666289607182,13546.691834708,0.0161932962810481,1.27327730828726
"New Mexico","Black","",0.01,0.0103092783505155,0.0179131771110582,13869.561341016,0.0181674782452768,0.567457861313013
"New Mexico","Hispanic","",0.38,0.391752577319588,0.436496788707909,352401.218602694,0.442693435330839,0.88492971897543
"New Mexico","Native Hawaiian or Other Pacific Islander","",,,0.000347368985325405,304.060943018,,
"New Mexico","White","",0.46,0.474226804123711,0.439851171948645,271663.50284002,0.446095438458178,1.0630613165711
"New York","American Indian or Alaska Native","Yes",,,0.00217824172425661,5601.3013013013,,
"New York","Asian","Yes",0.12,0.121212121212121,0.0828879341569505,214158.611611612,0.0845947485139977,1.43285633377188
"New York","Black","Yes",0.1,0.0860675722744688,0.131273492099827,338812.145145145,0.133976653703438,0.642407239585058
"New York","Hispanic","Yes",0.13,0.13,0.157289756669272,411670.088088088,0.160528640803979,0.809824336323526
"New York","Native Hawaiian or Other Pacific Islander","Yes",,,0.000132321993987971,322.059059059059,,
"New York","White","Yes",0.77,0.66272030651341,0.60837245403689,1497719.63763764,0.620899956978585,1.06735440881383
"North Carolina","American Indian or Alaska Native","Yes",0.01,0.0105263157894737,0.0098988412537613,18739.9308617234,0.0100348673739585,1.04897408178911
"North Carolina","Asian","Yes",0.03,0.0315789473684211,0.0242127918743877,53285.6472945892,0.0245455148723006,1.28654654557919
"North Carolina","Black","Yes",0.17,0.169606709080393,0.192616302546508,362921.410821643,0.195263162684019,0.868605766438681
"North Carolina","Hispanic","Yes",0.05,0.05,0.0560380370861713,132581.24248497,0.056808090527063,0.880156321680629
"North Carolina","Native Hawaiian or Other Pacific Islander","Yes",,,0.000395782348753628,969.802605210421,,
"North Carolina","White","Yes",0.74,0.738288027761712,0.703678679158516,1189371.53907816,0.713348364542659,1.0349614080002
"North Dakota","American Indian or Alaska Native","",,,0.0374752692775238,3233.874111733,,
"North Dakota","Asian","",,,0.0116599280135965,1159.100705576,,
"North Dakota","Black","",,,0.018527960424153,1793.988235097,,
"North Dakota","Hispanic","",,,0.0227038147633963,2327.48093503,,
"North Dakota","Native Hawaiian or Other Pacific Islander","",,,0.00247282515004272,223.416109833,,
"North Dakota","White","",,,0.89398454161821,69556.588785186,,
"Ohio","American Indian or Alaska Native","Yes",,,0.00144611240283648,1525.524846697,,
"Ohio","Asian","Yes",0.02,0.0212765957446809,0.019318893775598,21284.203344918,0.0195929781325806,1.08592964278874
"Ohio","Black","Yes",0.07,0.0729463459759482,0.104403564471201,107572.860631752,0.105884776810125,0.688921941128113
"Ohio","Hispanic","Yes",0.02,0.02,0.0253167416215783,29208.732588148,0.0256759196847141,0.778939965757364
"Ohio","Native Hawaiian or Other Pacific Islander","Yes",,,0.000435740021449366,364.684420756,,
"Ohio","White","Yes",0.85,0.885777058279371,0.836971892721635,793310.074533441,0.848846325372581,1.04350697152465
"Oklahoma","American Indian or Alaska Native","Yes",0.06,0.0618556701030928,0.0665236121395868,46548.602196364,0.0702904636552421,0.880000883284538
"Oklahoma","Asian","Yes",0.03,0.0309278350515464,0.0202708733971117,14461.045523458,0.0214186969701815,1.44396435948477
"Oklahoma","Black","Yes",0.05,0.0475691190253046,0.0608876250627916,42635.719659372,0.064335342878703,0.739393261880811
"Oklahoma","Hispanic","Yes",0.07,0.07,0.0728061238122051,54002.967159772,0.0769287180161328,0.909933270762684
"Oklahoma","Native Hawaiian or Other Pacific Islander","Yes",,,0.00096066474901336,741.061362778,,
"Oklahoma","White","Yes",0.83,0.789647375820056,0.725921970902487,486397.955734004,0.767026778479741,1.02949127458777
"Oregon","American Indian or Alaska Native","",0.02,0.0210526315789474,0.00899771185749057,3393.92929292929,0.00922766364098511,2.2814693294022
"Oregon","Asian","",0.04,0.0421052631578947,0.0421233872759273,17207.3838383838,0.0431999218643146,0.97466063226091
"Oregon","Black","",0.02,0.0210526315789474,0.0139738154601238,5819.22222222222,0.0143309400089171,1.46903354321823
"Oregon","Hispanic","",0.06,0.0631578947368421,0.0840512537934917,38285.1919191919,0.0861993261057514,0.732695922232136
"Oregon","Native Hawaiian or Other Pacific Islander","",0.01,0.0105263157894737,0.00218302351473378,915.767676767677,0.00223881438229814,4.70173671953476
"Oregon","White","",0.8,0.842105263157895,0.823750980887237,282624.787878788,0.844803333997734,0.996806273447015
"Pennsylvania","American Indian or Alaska Native","Yes",0.000194366,0.000216183526656217,0.00124684009185123,915.432618166,0.00126042778345129,0.171515995993253
"Pennsylvania","Asian","Yes",0.012634223,0.0140524108367775,0.0292389838436586,21624.475825382,0.0295576215725569,0.475424276012269
"Pennsylvania","Black","Yes",0.062578936,0.0668605969003159,0.0859179818664003,62653.207877858,0.0868542904180181,0.769801889791797
"Pennsylvania","Hispanic","Yes",0.038774116,0.038774116,0.0480048609573681,35999.525577786,0.0485280036203731,0.799004968416253
"Pennsylvania","Native Hawaiian or Other Pacific Islander","Yes",0.001593065,0.00177188608034629,0.000114721876175355,91.398117056,0.000115972080979835,15.2785572646091
"Pennsylvania","White","Yes",0.822078091,0.878324806655904,0.824696389142807,582387.991227285,0.833683684524621,1.05354683432091
"Rhode Island","American Indian or Alaska Native","",,,0.00262107100090705,351.888588317804,,
"Rhode Island","Asian","",0.02,0.0212765957446809,0.0292109452760322,4088.57849914838,0.0299243522483921,0.711012741999256
"Rhode Island","Black","",0.03,0.0319148936170213,0.0465247102126383,6241.34154894299,0.0476609641865881,0.669623331413891
"Rhode Island","Hispanic","",0.09,0.0957446808510638,0.108115067488011,15184.2445646729,0.110755517573904,0.864468723078975
"Rhode Island","Native Hawaiian or Other Pacific Islander","",,,0.000134752757431541,19.5371205290051,,
"Rhode Island","White","",0.8,0.851063829787234,0.792308928987105,96850.0360685302,0.811659165991116,1.04854828904446
"South Carolina","American Indian or Alaska Native","Yes",,,0.00351182453424541,2722.829306143,,
"South Carolina","Asian","Yes",,,0.0136620501683172,10134.32070337,,
"South Carolina","Black","Yes",0.17,0.200722891566265,0.232467925492784,177439.861036086,0.238970327261166,0.839949017381138
"South Carolina","Hispanic","Yes",0.02,0.02,0.0334488165728726,23631.948447697,0.0343844193816157,0.58165879662035
"South Carolina","Native Hawaiian or Other Pacific Islander","Yes",,,0.000754862712794782,486.205941269,,
"South Carolina","White","Yes",0.66,0.779277108433735,0.706873177741938,560464.21301141,0.726645253357219,1.07243129275716
"South Dakota","American Indian or Alaska Native","",,,0.0577817586406673,5680.544840158,,
"South Dakota","Asian","",,,0.0115406889291055,1152.579990522,,
"South Dakota","Black","",,,0.0167016101710177,1631.31565892,,
"South Dakota","Hispanic","",,,0.0258362734590887,2367.83488427,,
"South Dakota","Native Hawaiian or Other Pacific Islander","",,,0.000524338580601747,56.009973525,,
"South Dakota","White","",,,0.874484094883492,83232.639035547,,
"Tennessee","American Indian or Alaska Native","Yes",,,0.00231021340923038,1868.518,,
"Tennessee","Asian","Yes",0.02,0.0227272727272727,0.0157745040916366,11872.3832,0.0159957559641145,1.42083142417651
"Tennessee","Black","Yes",0.11,0.121162790697674,0.14201426431639,105554.2456,0.144006144486825,0.841372367335056
"Tennessee","Hispanic","Yes",0.03,0.03,0.0317892221784254,25343.1261,0.0322350951447472,0.930662678837746
"Tennessee","Native Hawaiian or Other Pacific Islander","Yes",,,0.000258252736115083,170.9038,,
"Tennessee","White","Yes",0.75,0.826109936575053,0.796590098438269,551147.2509,0.807763004404313,1.02271326127924
"Texas","American Indian or Alaska Native","",,,0.00325970398839756,17940.355094734,,
"Texas","Asian","",0.07,0.0769230769230769,0.0483852162972834,278181.26237998,0.0491210645936531,1.56598961279467
"Texas","Black","",0.08,0.0879120879120879,0.117939200686792,664616.34542799,0.119732834497735,0.734235419055005
"Texas","Hispanic","",0.28,0.307692307692308,0.318478729931256,1884658.31000454,0.323322193467929,0.951658481566092
"Texas","Native Hawaiian or Other Pacific Islander","",,,0.000722406182044664,4158.630722544,,
"Texas","White","",0.48,0.527472527472527,0.500216552831468,2632907.92187069,0.507823907440683,1.0386917979716
"Utah","American Indian or Alaska Native","",0.01,0.0103092783505155,0.00910872730419719,3415.3036963037,0.00924967667129751,1.11455553711472
"Utah","Asian","",0.03,0.0309278350515464,0.0240099902718176,8926.27672327672,0.0243815232884376,1.26849478130078
"Utah","Black","",0.01,0.0103092783505155,0.00782178238590324,3087.62937062937,0.00794281743724147,1.2979372158522
"Utah","Hispanic","",0.07,0.0721649484536083,0.109766556872544,42915.9210789211,0.111465095669818,0.647421939755702
"Utah","Native Hawaiian or Other Pacific Islander","",0.01,0.0103092783505155,0.00688962962083679,2541.15684315684,0.00699624044605768,1.47354546059443
"Utah","White","",0.84,0.865979381443299,0.827165011481917,269071.348651349,0.839964646487148,1.0309712260688
"Vermont","American Indian or Alaska Native","",,,0.00435394832334049,332.814763059815,,
"Vermont","Asian","",0.01,0.0101010101010101,0.0138962739779439,871.104390075104,0.0142949865342248,0.706612075277333
"Vermont","Black","",0.01,0.0101010101010101,0.0079951095948894,519.909448326909,0.00822450566101359,1.22816014935605
"Vermont","Hispanic","",,,0.010784970764551,814.846492203846,,
"Vermont","Native Hawaiian or Other Pacific Islander","",,,0.000544997819737256,22.7514789827515,,
"Vermont","White","",0.97,0.97979797979798,0.950216840850721,54139.5805777686,0.977480507804762,1.00237086261538
"Virginia","American Indian or Alaska Native","",,,0.00190568560102844,1682.978,,
"Virginia","Asian","",0.04,0.043010752688172,0.0635041159734933,59685.307,0.0647168569292102,0.664598911767592
"Virginia","Black","",0.14,0.150537634408602,0.177891708436886,164572.245,0.181288914384827,0.830374184320239
"Virginia","Hispanic","",0.07,0.0752688172043011,0.0672325542646508,67116.35,0.0685164973739168,1.0985502775125
"Virginia","Native Hawaiian or Other Pacific Islander","",,,0.000468682087627894,483.413,,
"Virginia","White","",0.68,0.731182795698925,0.672632439398328,587473.715,0.685477731312046,1.06667622053804
"Washington","American Indian or Alaska Native","",0.02,0.0224719101123595,0.0101367346187673,13621.406257236,0.0104383780420132,2.15281627297965
"Washington","Asian","",0.09,0.101123595505618,0.0853314481083177,116522.289036782,0.0878706948269075,1.15082275956525
"Washington","Black","",0.03,0.0337078651685393,0.0317074165909581,43577.355782082,0.0326509486101423,1.03237016391214
"Washington","Hispanic","",0.07,0.0786516853932584,0.0797226609211685,111444.384212522,0.082095004407996,0.958056899569371
"Washington","Native Hawaiian or Other Pacific Islander","",0.01,0.0112359550561798,0.00486741450599816,6792.162488469,0.00501225637363743,2.24169599848815
"Washington","White","",0.67,0.752808988764045,0.759336787530845,1001308.65905966,0.781932717739304,0.962754175244821
"West Virginia","American Indian or Alaska Native","",,,0.00167110017188391,371.255625678,,
"West Virginia","Asian","",,,0.00701162979049867,1468.58290369,,
"West Virginia","Black","",0.03,0.0303030303030303,0.0302110686115721,5805.16292614,0.030999692590194,0.977526800140462
"West Virginia","Hispanic","",,,0.00873979754881257,1676.98853805,,
"West Virginia","Native Hawaiian or Other Pacific Islander","",,,0.000033730025983229,8.5677639,,
"West Virginia","White","",0.96,0.96969696969697,0.944349195935332,178156.712459372,0.969000307409806,1.00071894950067
"Wisconsin","American Indian or Alaska Native","Yes",0.01,0.01,0.00595849222900194,4829.236481659,0.00601784235515705,1.66172515161192
"Wisconsin","Asian","Yes",0.02,0.02,0.0215940180710078,16294.387104616,0.0218091073330986,0.917048079709662
"Wisconsin","Black","Yes",0.03,0.0290721649484536,0.0467081836273099,36549.511536462,0.0471734249138998,0.616282684615664
"Wisconsin","Hispanic","Yes",0.03,0.03,0.0443753075519625,33188.131072542,0.0448173120054653,0.669384187885735
"Wisconsin","Native Hawaiian or Other Pacific Islander","Yes",,,0.000522676405445232,385.298798629,,
"Wisconsin","White","Yes",0.94,0.910927835051546,0.871501638782389,737019.713322339,0.880182313392379,1.03493085601853
"Wyoming","American Indian or Alaska Native","",,,0.017951136179388,1340.69069069069,,
"Wyoming","Asian","",,,0.00686356745073362,407.751751751752,,
"Wyoming","Black","",,,0.00617718520097377,489.374374374374,,
"Wyoming","Hispanic","",,,0.0695595745430384,5339.06206206206,,
"Wyoming","Native Hawaiian or Other Pacific Islander","",,,0.001080802258029,77.3583583583584,,
"Wyoming","White","",,,0.886450368587304,64339.2542542543,,
